eName,eDay,ePlace,eTag,eTag1
综合同人展COMICUP 2021SP,2021/9/5,广州保利世贸博览馆,COMICUP,COMICUP2021SP
ONLY首届杭州百合ONLY,2021/10/6,下城区香积寺路121号好来登大酒店,百合,
ONLY妖都JOJO ONLY2021,2021/10/6,番禺区厦滘岭南电商产业园,jojo的奇妙冒险,
ONLY北京ESONLY,2021/10/6,北京大红门会展中心,偶像梦幻祭,ES
茶会左马一摊主游艇茶会,2021/10/6,十六铺码头,催眠麦克风,左马一
ONLY2021魔都咒术only,2021/10/6,黄浦区局门路735号【爱菲尔会馆】,咒术回战,咒术
ONLY2021妖都BGonly,再定档2021-10-05,番禺区厦滘岭南电商产业园七街会展中心,bg,
LIVE广州 jojo的奇妙冒险全年龄电音party,2021/10/5,广东省广州市海珠区声音共和Livehouse 广州海珠区同创汇东一街（上冲南约11-2）,JOJO的奇妙冒险,
综合同人展第二十五届成都comiday原创动漫交流会,2021-10-05～2021-10-06,成都世纪城新国际会展中心2号馆,comiday25,CD25
ONLY广州数码宝贝only,2021/10/4,广州市番禺区厦滘岭南电商园综合楼2楼综合会议厅,数码宝贝,digimon
ONLYNIJIFans Carnival·上海,2021-10-04～2021-10-05,上海市虹口区宝丰联大酒店牡丹厅,NIJISANJI,彩虹社
ONLY广州咒术回战ONLY,2021/10/3,番禺区厦滘岭南电商产业园综合楼2楼综合会议厅,咒术回战,虎杖悠仁
ONLY宜昌东方only,2021/10/3,湖北省宜昌市伍家岗区沿江大道162号 怡景美季酒店(宜昌万达滨江店) 3F多功能厅,东方project,
ONLY魔都弹丸论破ONLY,2021/10/3,上海市虹口区逸仙路270号,弹丸论破,超级弹丸论破2
ONLY妖都APHonly,时间待定,番禺区厦滘岭南电商产业园会议中心,APH,黑塔利亚
ONLY魔都排球少年only2.0,2021/10/3,上海市虹口区逸仙路270号宝丰联大酒店,排球少年,
ONLY魔都机动战士高达only2,2021/10/3,上海市浦东新区金桥金港路318号上海富豪金丰酒店3楼富豪宴会厅,机动战士高达,
ONLY宁波THO·甬城秋宴,2021/10/2,环城西路南段256号天港漫非酒店,东方,
ONLY魔都圣斗士星矢ONLY5,2021/10/2,上海市浦东新区金桥金港路318号上海富豪金丰酒店3楼富豪宴会厅,圣斗士星矢,圣斗士
ONLY广州五悠CP向主题同好会,2021/10/2,南海区泌冲伯奇路98号维也纳酒店会议中心【广州地铁6号线沙贝站】,五悠,五条悟
综合同人展深圳SGS玩娘购同人展,2021-10-01～2021-10-04,深圳市宝安区福海街道展城路1号深圳国际会展中心（宝安新馆）,综合同人展,
ONLY北京EXA同人展·少年向主题only,2021/9/21,北京大红门国际会展中心,少年向,少年漫
ONLY第一届 《少女与战车》线下同好会,2021/9/20,陕西省西安市 雁塔区含光路南段40号（美院向南100米）伯德诡计咖啡桌游吧,少女与战车,军事拟人
茶会2021杭州木兔生日会,2021/9/19,杭州市拱墅区延安路447号,排球少年,木兔光太郎
官方活动CP2021SP某某广播剧场贩活动,2021/9/5,广州保利世贸博览馆,某某广播剧,
官方活动CP2021SP撒野广播剧场贩活动,2021/9/5,广州保利世贸博览馆,撒野广播剧,
ONLY北京GA“打工人”专场ONLY&SLO17,再定档2021-08-28～2021-08-29,大红门国际会展中心,综合,欧美
ONLY2021魔都团兵ONLY,再定档2021-08-22,浦东新区锦尊路468号，大华北公园，罗曼园,埃尔文,利威尔
综合同人展第二十五届成都comiday原创动漫交流会,再定档2021-08-21～2021-08-22,成都世纪城新国际会展中心4号馆,成都comiday25,comiday25
ONLY上海凹凸世界only,再定档2021-08-21,上海市闵行区黎明路88号美博艺术馆B1楼宴会厅,凹凸世界,
ONLY杭州SLASH ONLY 06,再定档2021-08-15,杭州嘉宝莉婚礼艺术中心  （杭州市江干区杭海路601号三堡产业大厦C座4楼）卢浮厅,杭州,杭州slo
ONLY2021魔都細胞神曲ONLY,再定档2021-08-15,宝丰联大酒店金晶厅 虹口区逸仙路270号,細胞神曲,
ONLY广州JOJOonly,2021/8/8,海珠区新港东路53号至新空间,JOJO,
ONLY2021北京黑塔利亚Only,再定档2021-08-08,北京市朝阳区建国路16号院亚北国际东区传媒产业园,黑塔利亚,APH
ONLY魅知幻想博览会2021上海场,再定档2021-08-07,上海世贸商城1F,东方Project,
ONLY广州法希婚礼盛典,再定档2021-08-07,宜尚酒店(广州番禺长隆万达广场万博地铁站店),法音,希尔杜
ONLY徐州THO·故彭鸿岚行,2021/8/3,米兰花酒店,东方,
ONLY广州少女前线only,2021/8/1,广州白云区西槎路31号西城智汇park会议中心,少女前线,
ONLY妖都偶像梦幻祭only,2021/8/1,番禺区 岭南电子商务园 会展中心,偶像梦幻祭,
ONLY咒术回战only同好会杭州站,2021-07-31～2021-08-01,工联cc负一楼微店park三坑研究所,咒术回战,
ONLY妖都IDOLiSH7only3.0,2021/7/31,番禺区 岭南电子商务园 会展中心,IDOLisH7,
ONLY2021魔都家教only,2021/7/25,黄浦区局门路735号【爱菲尔会馆】,家庭教师reborn,家教
茶会广州Nijisanji同人茶话会,2021/7/25,中国广东省广州市番禺区厦滘岭南电商园六街1-80号OMG网红直播街,彩虹社,Nijisanji
ONLY第三届魔都百合Only,2021/7/24,浦东新区新金桥路1599号 东方万国会议中心,百合,魔百
ONLY广州全职高手十周年纪念主题同好会,2021/7/18,番禺区厦滘岭南电商产业园,叶修,黄少天
ONLY魔都Musical Only 3.0,2021/7/18,明珠大饭店,音乐剧,MO
茶会苏州THSP 东方茶会,2021/7/18,姑苏区 吴门桥街道 人民路200号 蓝园芳华文化创意园,东方,车万
ONLY2021成都百合only4,2021/7/17,青羊区壹号公馆5楼（4楼排队换票）,百合,成都百合only
ONLY北京咒术回战only,2021/7/3,北京朝阳区中科创耀产业园,咒术回战,
ONLY呼和浩特THO·东方青原歌,2021/7/3,维也纳酒店公主府地铁站店,东方,
LIVE东方PartyNight CP28 After,2021-06-13～2021-06-14,上海市黄浦区重庆南路308号白玉兰剧场3楼MAO Livehouse 上海,东方,东方Project
茶会电影《普罗米亚》上映应援包场活动,2021/6/12,上海万裕国际影城（淮海中路店）,promare,普罗米亚
综合同人展COMICUP 28,2021-06-12～2021-06-13,国家会展中心（上海）,COMICUP,COMICUP 28
LIVE“神灵十响” 东方神灵庙发售十周年 纪念钢琴演奏会,2021/6/11,汾阳路16号 柏斯琴行,东方,钢琴
茶会广州咒术回战茶话会,再定档2021-06-05,广州市番禺区洛浦街厦滘西环路岭南电商园会展中心,咒术回战,
ONLY东方风海例祭03 大连东方ProjectOnly,2021/5/4,大连市星海国际金融中心3楼宴会厅,东方Project,
LIVE大连·东方PartyNight,2021/5/3,辽宁省大连市中山区胜利广场西侧Gift Space,东方,同人音乐
ONLY安徽THO·东方红馆梦,2021/5/2,皇城御园酒店(长江西路店),东方,
LIVE广州·M4R  VOCALOID之夜,2021/5/2,广东省广州市番禺区北环路星坊60号创意园内 Beauty Bar 酒吧,VOCALOID,VOCALOID之夜
ONLY2021武汉百合only,2021/5/1,长江大酒店,百合,
ONLY沈阳THO02·东方春谣祭,2021/4/11,金际酒店,东方project,
LIVE东方LiveParty沈阳·tho2·东方春谣祭,2021/4/11,铁西区沈辽路82号金际酒店,东方,同人音乐
ONLY2021魔都FF14 ONLY,2021/4/10,上海市宝山区沪太路2751号上海木文化博物馆,FF14,最终幻想14
ONLY上海SlashOnly,2021/3/21,上海市宝山区沪太路2695号木文化博物馆,欧美圈,
ONLY广州鬼灭之刃only2.0,2021/3/21,厦滘岭南电商产业园,鬼灭之刃,
ONLY广州咒术回战only,2021/3/20,广州岭南电商文化产业园,咒术回战,Only
ONLY上海咒术回战ONLY,2021/3/7,上海宝丰联大酒店 虹口区逸仙路纪念路301号 牡丹厅,咒术回战,
ONLY妖都IDOLiSH7 only2.0,2021/1/30,厦滘 岭南电子商务园 会议中心,IDOLiSH7,爱娜娜
ONLY重庆only明日方舟展,2021/1/30,璧山俊豪中央大街,明日方舟,
ONLY广州排球少年ONLY,2021/1/24,番禺区岭南电子商务产业园,排球少年,ハイキュー!!
茶会苏州THSP 东方茶会,2021/1/24,苏州市姑苏区吴门桥街道人民路200号 蓝园芳华文化创意园,东方project,同人
茶会问鹿三千声优剧&见面会,2021/1/3,宜昌路179号万代南梦宫上海文化中心1F梦想剧场,问鹿三千,光合积木
ONLY鬼灭之宴_魔都鬼灭之刃only,2021-01-01～2021-01-02,上海市新国际博览中心（cp场中only）,鬼灭之刃,
综合同人展COMICUP27,2021-01-01～2021-01-02,新国际博览中心,comicup,cp
综合展上海创作者集市OVS,2021-01-01～2021-01-02,新国际博览中心,原创,OVS
LIVEbunny rhyTHm x Yonder Voice袋装鸡翅合同LIVE,2021/1/1,上海市长宁区凯旋路851号育音堂(凯旋路店),东方project,东方
ONLY2020南京百合only,2020/12/27,南京中央饭店,百合,
LIVE东方PartyNight,2020/12/26,南京市鼓楼区体育馆路五台山1-6号monohouse,东方,东方project
ONLY魔都 江南百景ONLY,2020/11/22,维也纳国际酒店（火车站店）,同人,江南百景图
ONLY妖都好兆头世纪婚礼,2020/11/7,未定,好兆头,goodomens
ONLY2020魔都YGOONLY,2020/11/7,宝山区沪太路2751号上海木文化博物馆,游戏王,YGO
茶会test活动测试啊,2020/11/3,上海测试,test活动测试,
ONLY魔都第三届HPO：甜蜜惊魂万圣节,2020/10/31,杨高中路2112号·霍格莫德村,哈利波特,神奇动物在哪里
ONLY一布江湖魔都布袋戏ONLY 4.0,2020/10/24,上海市宝山区沪太路2751号上海木文化博物馆,布袋戏,
ONLYENCORE-上海IDOLiSH7 ONLY 2.0,2020/10/7,虹口区逸仙路270号宝丰联大酒店,idolish7,
ONLY魔都凹凸春日盛典ver2.0,2020/10/6,上海市虹口区逸仙路270号宝丰联大酒店水晶厅,凹凸世界,春日盛典
ONLY广州恋与制作人only2.0,2020/10/5,番禺岭南电子商务园,恋与制作人,
ONLY妖都APHonly,2020/10/4,番禺区厦滘岭南电商产业园综合楼2楼,APH,APO
综合同人展北京SlashOnly16&GoldenAgeExpo04综合展,2020-10-04～2020-10-05,朝阳区建国路郎家园6号院 郎园vintage文创园区,SLO16,GA04
ONLY2020广州东方only東方遊劇天,2020/10/4,岭南电子商务产业园,东方,游剧天
ONLY青岛马迷嘉年华QBF,2020/10/3,市南区彰化路1号银都花园36-1 壹所,小马宝莉,我的小马驹
综合展百脑汇  上海 超元气黄金周 跨次元集市,2020-10-03～2020-10-04,徐汇区漕溪北路339号,布袋戏,switch同好
ONLY2020长沙百合only,2020/10/1,芙蓉区八一路58号海程大酒店,百合,
ONLY魅知幻想博览会2020 北京场,2020-10-01～2020-10-04,北京市石景山游乐园,东方Project,东方
LIVE贩售会萌遇未来in广州,2020/8/30,广东省广州市海珠区新港东路1068号中州中心国茶荟,VOCALOID,miku
ONLY广州凹凸世界ONLY 4.0,2020/8/23,番禺区厦滘岭南电商产业园,凹凸世界,格瑞
ONLY魔都名侦探柯南only4,2020/8/23,上海市虹口区逸仙路270号宝丰联大酒店G层牡丹厅,名侦探柯南,魔术快斗
ONLY妖都jojo的奇妙冒险ONLY 2020,2020/8/23,广州市白云区白云大道北同泰路颐和山庄颐和大酒店 国际会议厅,jojo,jojo的奇妙冒险
LIVE广州 jojo的奇妙冒险 电音蹦迪party,2020/8/22,纳斯顿·LA酒吧 广州市白云区三元里大道1218号,jojo的奇妙冒险,
茶会all金茶会1.0-上海站,2020/8/22,上海市长宁区虹桥路2419号龙柏酒店,all金,凹凸世界
ONLY妖都太中ONLY-OneNight,2020/8/22,广州市番禺区岭南电商产业园,太中,双黑
ONLY魅知幻想博览会2020 广州场,2020-08-21～2020-08-23,琶洲保利世博展览馆,东方Project,东方
ONLY魔都鸣佐ONLY日月同辉,2020/8/16,漕宝路1688号诺宝中心酒店,鸣佐,
ONLY广州龙城大集市线下活动,2020/8/16,新港东路2842号盒子琶洲院子-本森超跑俱乐部,镇魂,龙城大集市
ONLY魔都潘多拉之心ONLY,2020/8/8,徐汇区天平路185号上海天平宾馆,潘多拉之心,望月淳
ONLY魔都排球少年ONLY,2020/8/8,上海市虹口区逸仙路270号宝丰联大酒店,排球少年,
茶会JOJO的奇妙茶会青岛,2020/8/8,东庆童话一站式婚礼宴会中心(市北店),jojo粉丝聚会,
ONLY重庆第一届明日方舟Only,2020/8/8,重庆市南岸区五公里学府大道19号3楼(工商大学正门口),明日方舟,
ONLY成都APHonly,2020/8/2,四川省成都市金牛区营门口路251民光商厦5楼,aph,黑塔利亞
ONLY上海彩虹小马ONLY Shanghai Brony Con,2020/8/2,上海市青浦区诸光路绿地全球贸易港A座3层,小马宝莉,彩虹小马
茶会2020魔都米英初恋茶会,2020/8/2,上海市延安西路918号锦江都城经典酒店1楼 Hello Coffee,APH,黑塔利亚
ONLY魔都网球王子only,2020/8/1,虹口区逸仙路270号宝丰联大酒店,网王,POT
ONLY嘉金ONLY3.0（广州站）,2020/8/1,广州琶洲酒店十楼,凹凸世界,嘉金
ONLY2020杭州APH Only,2020/8/1,好来登大酒店,黑塔利亚,APH Only
综合同人展COMICUP 26,2020-07-25～2020-07-26,国家会展中心（上海）,COMICUP,COMICUP 26
ONLY魅知幻想博览会2020 上海场,2020-07-25～2020-07-26,国家会展中心(上海),东方Project,东方
ONLY成都jojo only+jojo音乐节,2020/7/18,成都市成华区建设南支路4号东郊记忆东郊记忆ALIVE壹现场,jojo,jo迪
ONLY東方蘇酒宴,2020/7/18,苏州市苏州工业园区李公堤路99号A10幢一层,东方project,
ONLY上海第二届海贼王ONLY,再定档2020-07-12,木文化博物馆,one piece,海贼王
ONLY魔都逆转系列Only,2020/7/11,木文化博物馆,逆转裁判,逆转检事
茶会game party-东方遊戏天-游戏主题茶会,2020-07-11～2020-07-12,鹭江地铁站附近.新港西路.大江直街1号.邦华一创社.Gathering,东方,游剧天
ONLY广州全职高手9周年纪念主题同好会,2020/6/21,番禺区厦滘岭南电商产业园,全职高手,叶修
综合同人展燃梦共创春季创作者交流大会,2020-05-01～2020-05-03,广州琶洲国际采购中心,COCEXPO,Co-Creation EXPO
茶会魔都clamp茶会,再定档2020-04-11,西藏北路198号上海大悦城北座六楼n62猫星系,clamp,魔卡少女樱
ONLY宁波我的英雄学院ONLY,2020/4/4,桑田路333号南铂泰富广场,我的英雄学院,only
综合同人展ADSL本土动漫创作作品展-20th,再定档2020-02-22,岭南会展中心,ADSL,
ONLY北京鬼灭之刃ONLY,再定档2020-02-15,北京市朝阳区南湖西园222号楼香颂下沉广场负一层（室内）,北京鬼灭之刃ONLY,
ONLY妖都第四届pokemon only Rival,再定档2020-02-09,番禺区厦滘西环路1号岭南电子商务产业园,精灵宝可梦,PM
ONLY东方风海例祭02 大连东方ProjectOnly,再定档2020-02-08,心悦大酒店5F,东方Project,东方
综合同人展上海魔咒同人祭,2020-01-29～2020-01-31,人民广场迪美b1方里城市市集,同人,
ONLY苏州THO  吴鸿沧堰,2020/1/19,三香路178号 华侨饭店,东方Project,即卖会
ONLY福建TouhouOnly——白鹭风茗,2020/1/18,厦门华侨大厦大酒店 五楼宴会厅（厦门市新华路70-74号）,东方project,东方
ONLY重庆 JOJO Only,2020/1/11,长都假日酒店,JOJO,JOJO的奇妙冒险
ONLY杭州我的英雄学院only2.0,2020/1/1,杭州江干区杭海路1189号（近九堡地铁站）澳都大酒店7F,我的英雄学院,绿谷出久
ONLY魔都机动战士高达only,2020/1/1,上海市虹口区纪念路301号宝丰联大酒店G层牡丹厅,机动战士高达,
茶会上海环壮婚礼主题茶会,2019/12/31,上海市徐汇区,环壮,idolish7
ONLY2019南京百合only,2019/12/29,南京市玄武区中山东路237号,百合,
ONLY广州鬼灭之刃only,2019/12/28,番禺区厦滘地铁站岭南电商产业园综合楼二楼,鬼灭之刃,
ONLY上海 明日方舟 同好会,2019-12-28～2019-12-29,上海市人民大道221号 人民广场迪美B1 方里城市市集,明日方舟,同好会
综合同人展FIGUP手办祭04,2019-12-21～2019-12-22,浦东新国际博览中心,FIGUP,手办大赛
综合同人展COMICUP 25,2019-12-21～2019-12-22,上海新国际博览中心,COMICUP,COMICUP25
ONLY北京全职高手ONLY3.0,2019/12/15,永外大红门西马场甲14号钰田缘大酒楼,全职高手,
综合同人展深圳大学ALFA秋祭动漫同人嘉年华,2019/11/30,南山区深圳大学石头坞广场,免门票,免摊位费
LIVEw-inds. LIVE TOUR 2019-上海 未来/过去,2019/11/30,国家会展中心(上海)EH虹馆,W-inds,
ONLY2019广州明日方舟only—罗德岛岁末游园会,2019/11/24,广东省广州市厦滘岭南国际电子商务产业园,明日方舟,
ONLY魔都游戏王only,2019/11/24,龙吴路997号（3号线石龙路附近）,游戏王,
ONLY一布江湖·魔都布袋戏ONLY,2019/11/23,北翟路南华街66号（上海徽府）,霹雳布袋戏,金光布袋戏
ONLY魔都特摄only4.0,2019/11/16,上海市徐汇区光大会展大酒店漕宝路66号b座2楼8号厅,特摄,假面骑士
ONLY青岛东方only02-东方绛雪祭,2019/11/9,德爱花园大酒店,THO,同人
ONLY宁波明日方舟ONLY,2019/11/9,宁波市桑田路333号南铂泰富广场酒店,明日方舟,ONLY展
茶会第二届武汉高校联合东方例会~梦违江汉,2019/11/9,湖北省武汉市硚口区解放大道1131号,东方project,东方
茶会龙城学前班·棉花王国妖都限定CAFE,2019/11/2,广州市天河区,巍澜,镇魂
ONLY广州Clamp Only,再定档2019-10-26,番禺区厦滘西环路1号岭南电商园-综合楼,魔卡樱,only
茶会妖都古剑桃月祭3.0茶话会 - 秋荼梦,2019/10/20,广州番禺区岭南电商产业园综合楼2楼会议厅,古剑奇谭一,古剑奇谭二
茶会第三届南京航空航天大学THO——东方天响录3,2019/10/20,南京航空航天大学将军路校区六号楼6202教室,东方project,高校例会
LIVEMYTH＆ROID上海演唱会,2019/10/19,上海摩登天空,MYTH＆ROID,
ONLY北京GA明日方舟only,2019/10/19,北京市东城区北三环东路36号环球贸易中心D座B1层09 S1Club,明日方舟,阿米娅
综合同人展上海群英荟~Fantasies Studded,2019/10/19,黄浦区新闸路126号 广场嘉廷酒店,东方project,同人
ONLY2019魔都安雷ONLY,2019/10/6,上海市虹口区纪念路301号 宝丰联大酒店牡丹厅,安雷,安迷修
茶会罗小黑战记电影应援包场观影会,2019/10/6,苏宁影城（五角场店）,罗小黑战记,电影包场
ONLY2019第八届魔都战国三国only,2019/10/5,上海市沃克共享会议室 （上海灯具城）（虹口区 柳营路）,战国,三国
综合同人展第二十四届成都comiday原创动漫交流会,2019-10-05～2019-10-06,成都世纪城新国际会展中心7号馆,成都comiday,comiday24
ONLY广州我的英雄学院only3.0,2019/10/5,广东省广州市厦滘岭南国际电子商务产业园,广州小英雄only,我的英雄学院
ONLY【无知是福】上海克苏鲁ONLY,2019/10/4,木文化博物馆 上海市沪太路2751号,克苏鲁,TRPG
LIVEbunny rhyTHm×Yonder Voice袋装鸡翅合同LIVE,2019/10/4,191SPACE(广州大道中路191号 近五羊邨地铁站A出),东方,东方project
ONLY2019广州THO秋季东方游剧天,2019/10/4,岭南电子商务产业园,东方,
ONLY武汉明日方舟only,2019/10/3,硚口区解放大道1131号长江大酒店,明日方舟,罗德岛
茶会广州2019鸣佐茶会,2019/10/3,海珠区江南西紫山大街紫山围院云路仓库,鸣佐,
ONLY妖都茶布茶ONLY,2019/10/3,广州天河区建中路24号2层-广州贝塔空间,jojo的奇妙冒险,jojo
ONLY妖都雷安ONLY,再定档2019-10-03,番禺区厦滘地铁站岭南电商文化产业园,雷安,雷狮
ONLY魔都明日方舟招募大会_明日方舟ONLY,2019/10/3,上海市宝丰联大酒店,明日方舟,
LIVE【长沙LP】东方LiveParty×东方文椛祭,2019/10/2,Mao Livehouse（黄兴中路粉巢24H MALL三楼L3-01号）,东方,东方project
ONLY魔都我的英雄学院ONLY 3,2019/10/2,虹口区纪念路301号宝丰联大酒店G层,我的英雄学院,
ONLY广州钻石王牌ONLY,2019/10/2,名豪酒店,钻石王牌,钻A
LIVE【杭州LP】东方LiveParty CB02 Special,2019/9/21,Hi Livehouse（杭州市江干区晓城天地潮玩馆3楼）,东方,东方project
同好包场魔都哪吒下档前包场观影活动,2019/9/21,苏宁影城（上海五角场店）,哪吒之魔童降世,哪吒
综合同人展Comic Bazaar02,2019-09-21～2019-09-22,杭州创意设计中心C-BOX展馆,杭州,同人展
LIVE【武汉LP】东方LiveParty×东方月桂影,2019/9/14,海岸线酒吧（武昌区彭刘杨路后长街29号）,东方,同人音乐
ONLY第五届武汉THO—东方月桂影,2019-09-14～2019-09-15,汉阳区汉阳造艺术区汉阳会馆,东方project,东方Only
综合同人展Comic Quartet西安同人交流会,2019-09-14～2019-09-15,碑林区 漫竞界绘生活动漫体验馆,同人展,西安
ONLY成都Slash Only5,2019/8/31,成华区二仙桥西路32号完美文创公园6号仓,SLO,欧美影视
茶会广州明日方舟茶话会,2019/8/25,广州市番禺区厦滘地铁站岭南电商文化产业园综合楼二楼,明日方舟,同人
综合同人展COMICUP 2019SP,2019-08-24～2019-08-25,光大会展中心,COMICUP,COMICUP2019SP
同好包场824全职高手粉丝观影会,2019/8/24,SFC上影影城（徐汇日月光店）,全职高手,
综合同人展武汉ComiAi 动漫游戏同人博览会16,2019-08-24～2019-08-25,武汉国际博览中心,武汉,同人
茶会魔都卡片战斗先导者茶会,2019/8/18,乐山路33号交大慧谷科技园1号楼底楼,卡片战斗先导者,VG
ONLY2019成都百合only,2019/8/18,四川省成都市青羊区人民中路三段1号壹号公馆5楼,百合,成都
ONLY南京我的英雄学院ONLY,2019/8/18,鼓楼区汉中路国际金融中心六楼丁香御品大酒店。近新街口东方弗莱德。,我的英雄学院,only
LIVETHE ORIGINS -魂音泉 One Man Live in 上海,2019/8/17,育音堂音乐公园 上海市长宁区愚园路1398号B1-02,魂音泉,LIVE
同好包场817全职高手电影包场,2019/8/17,苏宁影城（五角场店）,全职高手,巅峰荣耀
ONLY魔都Pokemon Only2019,2019/8/17,漕宝路1688号诺宝中心（地铁9号线星中路2号口出）,精灵宝可梦,宝可梦
ONLY第十届上海东方ONLY,2019-08-17～2019-08-18,上海跨国采购会展中心,东方project,
ONLY2019杭州守望先锋only展,2019/8/11,浙江省杭州市江干区钱江路601号,守望先锋,源藏
ONLY2019魔都家教ONLY,2019/8/11,上海市浦东新区滨江大道1658号东方薇婷私人婚礼会馆,家庭教师,家庭教师reborn
综合展第一届机甲模玩节,2019/8/10,上海黄浦区汉口路398号华盛大厦6F,机甲,
茶会昆山KS3东方茶会,2019/8/10,昆山 前进西路 119 长城国际广场 咖啡行乐,本地小型聚会,东方
ONLY2019魔都切爆only,2019/8/10,上海市虹口区逸仙路270号宝丰联大酒店,切爆,
ONLY感谢有你·蝴蝶蓝作品主题同好会 3.0,2019/8/10,番禺区厦滘岭南电商产业园综合楼二楼,全职高手,蝴蝶蓝
ONLY武汉凹凸世界only,2019/8/10,长江大酒店,凹凸世界,全员向
LIVE宫野真守亚洲巡回演唱会2019 〜BLAZING!〜上海站,2019/8/10,国家会展中心（上海）虹馆EH 上海市青浦区崧泽大道333号,宫野真守,
ONLY魔都名侦探柯南only3,2019/8/4,上海黄浦区汉口路398号华盛大厦6F,柯南,同人
ONLY妖都凹凸世界ONLY 3.0,2019/8/4,番禺区厦滘岭南电商产业园会展中心,凹凸世界,
ONLY巅峰荣耀游园会,2019/8/4,朝阳门外3号院山水铂宫,全职高手,全职
ONLY2019杭州 APH Only,2019/8/3,杭州好来登大酒店,黑塔利亚,APH
ONLY妖都jojo only 2019,2019/8/3,广州市番禺区厦滘岭南电商产业园会展中心,jojo,jojo的奇妙冒险
ONLY2019魔都雷安only,2019/8/3,杨浦区长阳路1687号圣拉维,雷安,
茶会绿都偶像梦幻祭三周年线下茶话会,2019/7/29,南宁市鲁班路95号曼哈顿酒店17F会议厅,偶像梦幻祭,
同好包场魔都哪吒之魔童降世电影包场,2019/7/28,上海市杨浦区邯郸路585号苏宁生活广场4楼 苏宁影城(五角场店),哪吒之魔童降世,
ONLY嘉金婚礼2.0武汉站,2019/7/28,武汉亚贸恒升大酒店7楼【武汉市武昌区武珞路628号（地铁二号线宝通寺站）】,嘉德罗斯,金
ONLY妖都APH同好会,2019/7/28,番禺区厦滘地铁站岭南电商文化产业园综合楼2楼,APH,黑塔利亚
ONLY2019广州百合only,2019/7/28,广州市番禺区厦滘地铁站岭南电商文化产业园综合会议厅,百合,
LIVE东方LiveParty × 东方鹏徙谣,2019/7/28,HOU LIVE(深圳市福田区滨河大道9289号KK ONE购物中心负一层B112a（地铁9号线下沙站B出口））,东方project,
ONLY【ONE·WORLD 2019】杭州ONE老师作品ONLY,2019/7/27,杭州江干区钱江路601号  嘉宝丽Capri婚礼会所钱江店,灵能百分百,一拳超人
ONLY第二届杭州NintendOnly,2019/7/27,滨江区江南大道4264号知本大厦A2栋,only,任天堂
ONLY青岛全职高手only-霸图主场7.0,2019/7/27,德爱花园大酒店（市北区武定路29号）,全职高手,霸图
LIVE东方LiveParty×东方清泉飨,2019/7/27,班卓音乐酒吧（环山路69号2楼(环山路与燕翔路路口北行50米路西)),东方project,
ONLY济南 SLASH ONLY,2019/7/21,城南往事济南风味主题餐厅历山北路店 三楼整层,SLASH,DC
ONLY魔都逆转系列Only,2019/7/20,延安西路918号锦江都城经典酒店1楼HelloCoffee（暂定）,逆转裁判,逆转检事
综合同人展天津BFC小马展会,2019-07-20～2019-07-21,天津赛象酒店,同人展会,
ONLY妖都IDOLiSH7 only,2019/7/20,广州岭南电子商务产业园会展中心 服务中心二楼,idolish7,
LIVE东方LiveParty×东方觉梦境——1周年特别版,2019/7/20,7LIVEHOUSE（河南省郑州市金水区文化路和金水路交汇处东北角中原大舞台内2层）,东方project,
ONLY魔都Musical Only 2.0,2019/7/14,明珠大饭店,魔都,音乐剧
LIVE火の意志 火的意志,2019/7/14,万代南梦宫文化艺术中心 梦想剧场,佐藤康夫,
ONLY炎都我的英雄学院only2,2019/7/14,湖北省武汉市桥口区解放大道1091号梅园宾馆,我的英雄学院,only
ONLY杭州SLASHONLY 5,2019/7/14,杭州皇冠大酒店（江干区天城路88号）1F海棠厅,杭州SLO,杭州SLASHONLY
ONLY深圳jojo only 2019,2019/7/14,深圳市罗湖区红桂路红桂大厦18楼（红岭地铁口c2出口）,JOJO的奇妙冒险,only展
ONLY2019沈阳APH only,2019/7/14,沈阳市沈河区北二经街与九纬路交叉口东 Rozz-Tox多元艺术空间,黑塔利亚,APH
ONLY上海胜出ONLY 2.0,2019/7/13,虹口区吴淞路299号上海宝御大酒店,胜出,我的英雄学院
ONLY成都2019年夏季奇杰ONLY,2019/7/7,四川省成都市青羊区千祥街15号 火车艺术馆,奇杰,
ONLY安徽THCP01-寓梦徽韵城,2019/7/6,安徽省合肥市蜀山区 皇城御园酒店（长江西路和西二环路交叉口向西150米）,东方Project,东方ONLY
综合同人展【CT十周年】第十九届ComiTime雾都同人祭,2019-07-06～2019-07-07,陈家坪会展中心,雾都同人祭,重庆
ONLY西安-龙门警署例会-方舟Only,2019/7/6,长安区北长安街111号第壹咖啡,明日方舟,Only
LIVE山本一庆2019生日会&欢唱会,2019/6/30,万代南梦宫文化艺术中心 未来剧场,生日会,
LIVE无尽的华尔兹——机器人动画主题演唱会,2019/6/29,Hello Coffee 上海市延安西路918号锦江都城达华经典酒店一楼,高达,
ONLY大连FATE ONLY,2019/6/23,大连市,FGO,FATE
官方活动为港区二周年献上祝福——碧蓝航线线下巡游见面会上海站,2019/6/22,长宁区延安西路918号锦江都城经典酒店1楼 Holle coffee,碧蓝航线,玩家回馈
官方活动为港区二周年献上祝福——碧蓝航线线下巡游见面会广州站,2019/6/15,广州市越秀区沿江东路466号大沙头码头,碧蓝航线,玩家回馈
综合同人展COMICUP 24,2019-06-07～2019-06-08,国家会展中心（上海）,COMICUP,COMICUP 24
LIVE东方LiveParty ComicuP24 special,2019/6/7,万代南梦宫上海文化中心未来剧场（上海市宜昌路179号）,同人音乐,
ONLY深圳6月Slash Only,2019/6/1,广东省深圳市罗湖区春风路3011号,DC,漫威
茶会第四届南京秘封茶会《梦现幻想纪行》,2019/6/1,南京市秦淮区中山东路416号汉庭酒店,东方,秘封
茶会2019广州叶修生日茶会,2019/5/26,广州市番禺区南村图兰朵轰趴馆（地铁7号线板桥地铁站，步行400米约2分钟）,叶修,全职高手
LIVE北京·东方LiveParty × 京华万象展,2019/5/25,MAOlivehouse 复兴路69号院2号136-G23,东方project,
粉丝见面会小越勇辉2019首次粉丝见面&欢唱会 in 上海,2019/5/18,VAS LIVE（上海市普陀区万航渡后路19号3F）,小越勇辉,
LIVE东方光华语,2019/5/18,复旦大学枫林校区学生活动中心多功能厅（东安路130号）,东方project,
ONLYENCORE-上海IDOLiSH7 ONLY,2019/5/4,黄兴路1888号华美达大酒店宴会厅,IDOLiSH7,
综合展微光国际动漫展,2019-05-03～2019-05-04,上海跨国采购会展中心,同人,
综合展第19届萌卡同人祭,2019-05-02～2019-05-04,长沙红星国际会展中心,综合展,
茶会广州凹凸世界同好会,2019/5/1,番禺区南村板桥图兰朵轰趴馆,凹凸世界,金
ONLY魔都clamp only,2019/4/27,广场嘉庭酒店5F,clamp,圣传
ONLYTHONLY·西安-长安THO-长乐未央,2019/4/20,朱雀大街南段1号-汇成天玺酒店,东方,东方project
ONLY深圳我的英雄学院only,2019/4/20,广东省深圳市罗湖区和平路1009号深圳华侨酒店,我的英雄学院,
综合同人展深圳大学ALFA夏祭同人展·十周年,2019/4/20,深圳大学石头坞广场,ALFA,深圳大学
LIVE花泽香菜2019上海演唱会,2019/4/14,上海市浦东新区世博大道1200号上海梅赛德斯-奔驰文化中心,花泽香菜,
ONLY魔都JOJO only,2019/4/6,上海闵行区漕宝路诺宝中心酒店,jojo,jojo的奇妙冒险
ONLY河北东方Only 华胥梦蝶祭,2019/4/6,石家庄市 中山西路688号 OYO志享道合酒店/一楼锦绣厅,东方project,THOnly
LIVE上海·HYDE世界巡回演唱会2019,2019/3/27,上海国家会展中心（上海）虹馆EH,HYDE,LIVE
ONLY广州特摄Festival 2ERO,2019/3/9,广州市岭南国际电子商务会展中心（洛浦街厦滘西环路1号）,特摄,假面骑士
LIVE东方LiveParty x東方游劇天,2019/3/9,广州大道中路191号,东方Project,同人音乐
ONLY2019广州东方only东方游剧天,2019/3/9,岭南电子商务产业园 岭南电子商务产业园,东方,
综合同人展第二十三届成都comiday同人交流会,2019-03-02～2019-03-03,成都市高新区世纪城路198号附2992号成都世纪城新会展5号馆,comiday,comiday23
ONLY深圳全职高手only,2019/3/2,深圳市罗湖区春风路3011号鸿丰大酒店,全职高手,only
茶会南京古剑茶话会,2019/3/2,秦淮区中华路一号红街二楼45-46号 寻路吧,古剑,古剑奇谭
ONLY幻想空闻集 风海小祭——大连东方Only,2019/2/23,辽宁省大连市人民路81号/心悦大酒店,东方Project,东方
综合同人展ComiTime雾都同人祭SPECIAL,2019/2/17,九龙坡区陈家坪会展中心,同人,创作
综合同人展YACA58th春季动漫展,2019-02-16～2019-02-17,广州市海珠区新港东路630-638号南丰国际会展中心,YACA,同人
ONLY重庆欧美交流展slashonly04,2019/1/26,解放碑中天大酒店1号会议室（解放碑新华书店正对面）,SLASH,DC
茶会成都胜出茶话会,2019/1/26,高新区府城大道399号天府新谷10号楼17,胜出,我的英雄学院
茶会成都出胜暖冬茶话会,2019/1/26,成华区府清路二段24号尚锦翡翠酒店（春熙路印象店）,出胜,绿谷出久
ONLY沈阳THonly_東方冴楽凜,2019/1/12,中街路235号桃园大酒店（中兴新一城南门对面）,东方project,东方
ONLY杭州NintendOnly,2019/1/12,滨江区江南大道4264号知本大厦A2栋,任天堂,塞尔达
ONLY妖都凹凸世界ONLY 2.0,2019/1/1,番禺区厦滘西环路一号岭南电商产业园会展中心,凹凸世界,雷狮
ONLY魔都一人之下ONLY,2019/1/1,黄浦区新闸路126号,一人之下,
ONLY南京THO——东方桨灯影,2018/12/31,江苏省南京市秦淮区夫子庙大石坝街68号,东方Project,东方
LIVE东方LiveParty × 东方桨灯影,2018-12-31～2019-01-01,江苏省南京市秦淮区夫子庙大石坝街68号白鹭宾馆1楼,东方Project,同人音乐
ONLY深圳小英雄only,2018/12/31,龙华区民治大道58号 兰廷酒店,我的英雄学院,MHA
综合同人展2018跨年布袋戏文化节,再定档2018-12-30,广东省深圳市宝安区沙井街道岗头路20号 中亚会展中心,布袋戏,霹雳布袋戏
ONLY长沙东方only 东方烛夜凝,2018/12/22,芙蓉区八一路58号的海程大酒店五楼多功能厅,东方,秘封
ONLY炎都我的英雄学院ONLY,2018-12-22～2018-12-23,武汉市汉阳区汉阳造艺术区汉阳会馆,我的英雄学院,小英雄
LIVE东方LiveParty×东方烛夜凝,2018/12/22,开福区黄兴路87号的建筑物第3层L3-01号MaoLivehouse长沙,东方,同人音乐
LIVEThe Origins 4th,2018/12/16,Mao Livehouse,The Origins,线下活动
综合同人展COMICUP 23,2018-12-15～2018-12-16,上海新国际博览中心,COMICUP23,COMICUP
游戏展BGM桌游展,2018-12-15～2018-12-16,上海世博展览馆3号馆,桌游,
同好包场魔都海王包场,2018/12/9,上海市普陀区真北路818号近铁城市广场F4,DC,海王
茶会妖都CLAMP主题茶话会,2018/12/8,番禺区板桥陈地路图兰朵轰趴（7号线板桥地铁站A出口）,CLAPM,魔卡少女樱
综合同人展深圳大学ALFA秋祭动漫同人嘉年华,2018/12/1,南山区深圳大学石头坞广场,免门票,免摊位费
综合同人展Comic多边形 同人交流展,2018-12-01～2018-12-02,五角场安波路998号创智汇三层,纯同人,校园
LIVEV.K克“时空涟漪”2018巡回演奏会-上海站,2018/11/30,万代南梦宫上海文化中心 1F梦想剧场,V.K克,
ONLY魔都镇魂only,2018/11/17,华灵路1088号绍兴饭店四楼华章厅,镇魂,巍澜
同好包场神奇动物在哪里2魔都魔法部观影,2018-11-16～2018-11-17,和平影都,哈利波特,神奇动物在哪里
ONLY魔都游戏王only,2018/11/11,上海市宝山区沪太路2695号（木文化博物馆）,游戏王,
LIVESPYAIR WORLD TOUR 2018 北京站,2018/11/11,糖果TANGO-雍和宫店三层,SPYAIR,
LIVEMILI 创作乐队 LIVE TOUR 2018,2018/11/11,MILI 创作乐队 LIVE TOUR 2018,Mili,
茶会广州叶蓝茶话会,2018/11/10,珞珈1893创业咖啡（科韵路24号测绘大厦1楼104铺）,全职高手,叶蓝
LIVESPYAIR WORLD TOUR 2018 广州站,2018/11/7,广州市海珠区新港东路1088号六元素体验天地一层,SPYAIR,
ONLY武汉跑跑姜饼人ONLY,2018/11/4,湖北省武汉市硚口区解放大道1131号长江大酒店水晶厅,跑跑姜饼人,
ONLY广州Marvel Only,2018/11/3,待定,漫威,only
ONLY武汉FGO-only,2018-11-03～2018-11-04,武汉市汉阳区琴台汉阳艺术区,FGO,ONLY
ONLY2018年魔都塚不二ONLY,2018/10/27,上海市黄浦区汉口路398号华盛大厦（近南京东路地铁站）,POT,TF
ONLY一布江湖魔都布袋戏only,2018/10/27,上海市宝山区沪太路2695号（木文化博物馆）,霹雳布袋戏,金光布袋戏
综合展囧神CO创作展,2018-10-20～2018-10-21,朝阳区山水美术馆,囧神,CO
ONLY魔都·我的英雄学院only2.0,2018/10/20,上海市黄浦区新闸路126号五楼（近新闸路地铁站）,绿谷出久,轰焦冻
LIVE【万有音乐系】松下优也2018粉丝见面会 上海站,2018/10/14,Modernsky lab,松下优也,
LIVE铃木木乃美 2018上海演唱会,2018/10/13,万代南梦宫上海文化中心未来剧场（上海市普陀区宜昌路179号）,铃木木乃美,LIVE
ONLY2018魔都战国三国only,2018/10/5,上海市长宁区江苏北路30号荣兆园二楼东方收藏,战国,三国
ONLY广州东方only-東方遊劇天,2018/10/5,番禺区厦滘西环路一号岭南电商产业园会展中心,东方project,only
LIVE东方LiveParty x 东方游剧天,2018/10/5,广州岭南电子商务产业园一楼会展中心（广东省广州市番禺区洛浦街厦滘西环路1号）,东方,东方Project
茶会广州Unlight 茶会~圣女的下午茶邀请~,2018/10/5,广州市海珠区华艺路帝庭轩A座一楼006号,unlight,
ONLY广州我的英雄学院only2.0,2018/10/4,广东省广州市厦滘岭南国际电子商务产业园,我的英雄学院,MHA
茶会广州YGO茶会~决斗者的喵喵茶会~,2018/10/4,广州市海珠区华艺路帝庭轩A座一楼006号,YGO,游戏王
LIVEFalcom jdk BAND ASIA TOUR 2018~奇迹之轨迹 上海站,2018/10/4,上海•万代南梦宫上海文化中心梦想剧场,闪之轨迹,
ONLY广州少女前线only,2018/10/3,广州市越秀区广园西路137号军山酒店7楼会议厅,少女前线,
综合同人展SEEDLING-00,2018-10-03～2018-10-04,安波路998号4楼,无料入场,无料申摊
ONLY妖都APO 6.0,2018/10/2,番禺区厦滘西环路一号岭南电商产业园,APH,黑塔利亚
ONLY小马扬蹄-PranceAndParty,2018-10-01～2018-10-02,"中國上海市浦东新区世博大道1368号, The River Mall",彩虹小马,My Little Pony
官方活动斯坦·李（上海）动漫宇宙展,2018-10-01～2018-10-03,上海世博展览馆 国展路1099号,斯坦·李,
LIVE【万有音乐系】“远扬十年•海角重现”岛歌王子中孝介2018巡回演唱会,2018/9/26,美琪大戏院,中孝介,
ONLY广州镇魂only-特调处赏月宴,2018/9/23,番禺区岭南电商产业园综合楼2楼,剧场版镇魂,赵云澜
茶会北京EXA镇魂only茶话会,2018/9/16,北京市西城区北三环中路甲3号神玉艺术馆6层,镇魂,剧版镇魂
茶会魔都英伦only茶会,2018/9/15,松江区泰晤士小镇伯克大街1050号,欧美,哈利波特
LIVE【万有音乐系】DEPAPEPE 2018亚洲巡演上海站,2018/9/12,Mao live house,DEPAPEPE,
ONLY帝都星际迷航SK Only,2018/8/26,KIWI coffee 东城区银河soho C座，地铁朝阳门站G（东南口）出步行约800米,星际迷航,Star Trek
ONLY中元百鬼祭 魔都阴阳师ONLY,2018-08-25～2018-08-26,上海光大会展中心西馆3楼,阴阳师,
综合同人展COMICUP 2018 special,2018-08-25～2018-08-26,光大会展中心,COMICUP,
ONLY武汉凹凸世界only02,2018-08-25～2018-08-26,武汉国际会展中心,凹凸世界,凹凸大赛
茶会吴郡策瑜ONLY茶话会,2018/8/25,平江里,策瑜,三国
综合同人展ComiAi15 & AnimePower10动漫游戏同人博览会,2018-08-25～2018-08-26,武汉国际会展中心,CA,武汉
LIVE东方LiveParty × 东方月见语,2018/8/25,硚口区解放大道1131号武汉长江大酒店-水晶厅,东方,东方Project
ONLY魔都轰出ONLY,2018/8/25,杨浦区长阳路1687号,轰出,轰焦冻
茶会南京镇魂茶会,2018-08-24～2018-08-26,鼓楼区南秀村21号104,镇魂,剧版镇魂
ONLY北京全职ONLY2.0,2018/8/19,北京市北三环中路3号神玉艺术馆六层神玉厅,全职高手,ONLY
ONLY合肥slashonly04,2018/8/19,合肥银瑞林大酒店（庐阳区阜阳路16号）4楼瑞泰厅,slash,漫威
ONLY广州排球少年ONLY,2018/8/19,广州市天河区建中路24号二楼贝塔空间,排球少年,小排球
ONLY上海thonly09 -东方萤灯筏-,2018/8/18,上海市黄浦区江滨路99号 上海元荣匯/万代南梦宫上海文化中心-梦想剧场-,东方,东方project
ONLY“镇魂女孩绝不认输！” （北京镇魂同人粉丝聚会/Only）,2018/8/18,八宝山朗园Park,镇魂,同人展
ONLY成都2018年夏季富坚义博Only,2018/8/18,成都市青羊区千祥街15号 火车艺术馆,富坚义博,幽游白书
ONLY广州812雄英高校体育祭,2018/8/12,广州市洛浦街夏滘西环路1号 岭南电子商务产业园,我的英雄学院,轰焦冻
ONLY2018魔都家庭教师ONLY,2018/8/12,上海市浦东新区,家庭教师reborn,家教
综合同人展第十八届ComiTime雾都同人祭,2018-08-11～2018-08-12,渝北区国际博览中心N8馆（轨道悦来站）,ComiTime,CT
ONLY魔都APH吃货盛典2,2018/8/11,浦东新区川周公路2685号,APH,黑塔利亚
ONLY青岛全职高手only-霸图主场6.0,2018/8/11,青岛利客来商务酒店6F(3号线-李村站F口),全职高手,霸图
综合同人展贵阳ComicHope 同人展13,2018-08-11～2018-08-12,金阳国际会展中心5号馆,同人展,贵阳
ONLY2018成都百合ONLY,2018/8/11,成都金牛区礼遇天下喜宴中心,百合,
粉丝见面会费洛☆蒙「AnGeL fAlL」放映会＆talkshow in Shanghai,2018/8/11,万代南梦宫上海文化中心（上海市普陀区宜昌路179号）,诹访部顺一,鸟海浩辅
ONLY2018妖都全职婚礼onLY,2018/8/11,广州市荔湾区芳村白鹅潭酒吧街b段01整栋,全职高手,婚礼
ONLY上海胜出ONLY,2018/8/11,普陀区宜昌路130号壹号码头艺术酒店,胜出,我的英雄学院
茶会上海雷卡only茶会,2018/8/5,普陀区真北路2167号鸿海温斯顿酒店五楼,雷狮,卡米尔
ONLY北京全职高手专场,再定档2018-08-05,中关村梦想实验室4层创客空间,全职高手,囧神
ONLY2018年妖都米英Only,2018/8/5,广州市番禺区岭南电子商务产业园有限公司综合楼二楼,米英,黑塔利亚
ONLY2018帝都YGOonly,2018/8/5,北京市朝阳区北花园中路6号C栋明星基地一层,YGO,游戏王
综合同人展YACA57届夏季动漫画展,2018-08-04～2018-08-05,海珠区新港东路630-638号南丰国际会展中心,同人,YACA57
